x,y,width,height
10.08867163,1.357836613,0.335222014,0.452008434
7.4401427,1.751389389,0.421210869,0.454647227
5.964540143,1.904413894,0.351210869,0.554647227
4.60445,7.75221215,0.479544523,0.444543
5.50445,8.455221215,0.429544523,0.474543
7.0325522,1.35622,0.3456665,0.4546654
6.0325522,1.25622,0.36866665,0.5546
