x,y,width,height
1.061518599,9.742119838,0.321918746,0.203447397
7.111882462,8.051006787,0.288802507,0.224338318
7.043602355,7.531451459,0.346302671,0.312404149
3.19902197,10.21898882,0.392933881,0.321313115
1.1638478,7.573437001,0.30187347,0.326290804
3.211246152,7.251134249,0.75058834,0.51869614
7.347512225,9.099939527,0.271140158,0.380437754
1.048833961,5.830314791,0.382582511,0.360672988
