x,y,width,height
7.112899008,9.636117649,0.314639227,0.493125427
7.368329733,3.71354087,0.352489988,0.359205448
1.104847714,7.145172753,0.309580163,0.398653289
10.16993931,9.862368057,0.417285159,0.395704032
1.297365538,5.694516907,0.286512618,0.3766761
2.191650923,5.056198986,0.320281946,0.392250011
5.42846625,8.20651665,0.298924566,0.345655455
5.32154566,4.4559155,0.64556,0.6641365
4.851548,8.1081666,0.544542,0.31456
