x,y,width,height
9.049858356,2.886004334,0.36621572,0.380053529
8.199560732,9.124052373,0.264277315,0.498164062
6.405455,9.90454895,0.544556,0.55952
5.875455,9.904895,0.374556,0.48952
0.81554665,7.15654545,0.355868,0.2576786
9.844555,6.35456666,0.498844,0.48955
9.004555,8.404345,0.545656,0.5267678
2.754566,3.6045564,0.50895,0.538786
1.0556,1.26556,0.356414,0.2468785
