x,y,width,height
3.19902197,10.21898882,0.392933881,0.321313115
